timestamp,pattern,symbol,params_json,n,true_rate,mean_ret,median_ret,verdict,git_commit
2026-06-19T09:37:56+00:00,liquidity_sweep,ALL7,"{""sweep_lookback"": 30, ""eq_tol"": 0.005, ""sweep_depth"": 0.005, ""recover_bars"": 3, ""vol_lookback"": 20, ""vol_mult"": 2.0, ""label_window"": 20, ""rise_thr"": 0.15, ""fall_thr"": -0.1}",12,0.25,,,보류(표본부족),a02a3117a56e125adc46f433686a93d4401bf525
2026-06-19T09:55:05+00:00,liquidity_sweep,ALL7,"{""period"": ""full""}",12,0.25,,,보류(표본부족),2bfd41055ad3d9df4a271f37e232cfdbb4f27f52
2026-06-19T10:02:52+00:00,engulfing,ALL7,"{""period"": ""full""}",60,0.3333,,,기각,e8a3a38c496471ecd85998e7eb8d80ff300c1243
2026-06-19T10:12:25+00:00,liquidity_sweep,ALL7,"{""period"": ""full""}",12,0.5833,0.03313,0.09921,보류(표본부족),add6576baecb89d9d51e57b6f693bc8662ec3b4f
2026-06-19T10:12:26+00:00,rsi_divergence,ALL7,"{""period"": ""full""}",378,0.3677,-0.00752,-0.02297,기각,add6576baecb89d9d51e57b6f693bc8662ec3b4f
2026-06-22T07:01:30+00:00,engulfing,ALL7@1d,"{""tf"": ""1d"", ""period"": ""full""}",60,0.5667,0.03425,0.09988,통과,b563f70fdaf53f24ad2d091046a542bd0f6783e3
2026-06-22T07:01:30+00:00,engulfing,OOS@1d@IS,"{""tf"": ""1d"", ""from"": ""2021-01-01"", ""to"": ""2023-12-31""}",35,0.6,0.03532,0.10027,통과,b563f70fdaf53f24ad2d091046a542bd0f6783e3
2026-06-22T07:01:30+00:00,engulfing,OOS@1d@OOS,"{""tf"": ""1d"", ""from"": ""2024-01-01"", ""to"": ""2026-12-31""}",25,0.52,0.03275,0.09935,통과,b563f70fdaf53f24ad2d091046a542bd0f6783e3
2026-06-22T08:05:23+00:00,engulfing,ALL7@1d,"{""tf"": ""1d"", ""period"": ""full""}",60,0.5667,0.03425,0.09988,통과,c4fac74cbef40c6d6525ae0299063ce71995431a
2026-06-22T08:05:23+00:00,engulfing,OOS@1d@IS,"{""tf"": ""1d"", ""from"": ""2021-01-01"", ""to"": ""2023-12-31""}",35,0.6,0.03532,0.10027,통과,c4fac74cbef40c6d6525ae0299063ce71995431a
2026-06-22T08:05:23+00:00,engulfing,OOS@1d@OOS,"{""tf"": ""1d"", ""from"": ""2024-01-01"", ""to"": ""2026-12-31""}",25,0.52,0.03275,0.09935,통과,c4fac74cbef40c6d6525ae0299063ce71995431a
2026-06-22T08:05:23+00:00,engulfing,BASE@1d,"{""tf"": ""1d"", ""null_mean"": 0.00364, ""p_mean"": 0.033}",60,0.0,0.03061,0.09915,유의,c4fac74cbef40c6d6525ae0299063ce71995431a
2026-06-22T08:05:24+00:00,liquidity_sweep,ALL7@1d,"{""tf"": ""1d"", ""period"": ""full""}",12,0.5833,0.03313,0.09921,보류(표본부족),c4fac74cbef40c6d6525ae0299063ce71995431a
2026-06-22T08:05:24+00:00,liquidity_sweep,ALL7@4h,"{""tf"": ""4h"", ""period"": ""full""}",230,0.1739,0.00489,0.00167,통과,c4fac74cbef40c6d6525ae0299063ce71995431a
2026-06-22T08:05:25+00:00,liquidity_sweep,OOS@4h@IS,"{""tf"": ""4h"", ""from"": ""2021-01-01"", ""to"": ""2023-12-31""}",107,0.1495,-0.00078,0.00061,기각,c4fac74cbef40c6d6525ae0299063ce71995431a
2026-06-22T08:05:25+00:00,liquidity_sweep,OOS@4h@OOS,"{""tf"": ""4h"", ""from"": ""2024-01-01"", ""to"": ""2026-12-31""}",123,0.1951,0.00981,0.00444,통과,c4fac74cbef40c6d6525ae0299063ce71995431a
2026-06-22T08:05:27+00:00,liquidity_sweep,BASE@4h,"{""tf"": ""4h"", ""null_mean"": 1e-05, ""p_mean"": 0.159}",230,0.0,0.00488,0.00372,베이스라인미초과,c4fac74cbef40c6d6525ae0299063ce71995431a
2026-06-22T08:05:32+00:00,liquidity_sweep,ALL7@1h,"{""tf"": ""1h"", ""period"": ""full""}",1463,0.0185,-0.00183,0.00051,기각,c4fac74cbef40c6d6525ae0299063ce71995431a
2026-06-22T08:05:33+00:00,rsi_divergence,ALL7@1d,"{""tf"": ""1d"", ""period"": ""full""}",378,0.3677,-0.00752,-0.02297,기각,c4fac74cbef40c6d6525ae0299063ce71995431a
2026-06-22T08:05:34+00:00,rsi_divergence,ALL7@4h,"{""tf"": ""4h"", ""period"": ""full""}",2169,0.1319,-0.00161,-0.00189,기각,c4fac74cbef40c6d6525ae0299063ce71995431a
2026-06-22T08:05:39+00:00,rsi_divergence,ALL7@1h,"{""tf"": ""1h"", ""period"": ""full""}",8502,0.0288,-0.00219,-0.0012,기각,c4fac74cbef40c6d6525ae0299063ce71995431a
2026-06-22T23:43:51+00:00,engulfing,PREC@slip,"{""slip"": 0.001, ""p_mean"": 0.033}",60,0.0,0.03325,0.09888,통과,831f677b916d0d37ebf966448b552bb9f80bf612
2026-06-22T23:43:51+00:00,engulfing,PREC@walkforward,"{""valid_windows"": 8, ""pos"": 5}",8,0.625,0.0,0.0,통과,831f677b916d0d37ebf966448b552bb9f80bf612
2026-06-22T23:43:51+00:00,engulfing,PREC@newsymbols,"{""symbols"": [""LINK"", ""DOT"", ""LTC"", ""ATOM"", ""UNI""], ""persym_pos"": 3}",30,0.0,0.0389,0.10019,통과,831f677b916d0d37ebf966448b552bb9f80bf612
2026-06-22T23:44:49+00:00,pin_bar,ALL7@1d,"{""tf"": ""1d"", ""period"": ""full""}",21,0.4286,-0.02314,-0.10217,기각,831f677b916d0d37ebf966448b552bb9f80bf612
2026-06-22T23:44:49+00:00,pin_bar,ALL7@4h,"{""tf"": ""4h"", ""period"": ""full""}",213,0.1221,-0.00368,-0.00694,기각,831f677b916d0d37ebf966448b552bb9f80bf612
2026-06-22T23:44:51+00:00,pin_bar,ALL7@1h,"{""tf"": ""1h"", ""period"": ""full""}",1106,0.0271,-0.00315,-0.00167,기각,831f677b916d0d37ebf966448b552bb9f80bf612
2026-06-22T23:44:51+00:00,nr7,ALL7@1d,"{""tf"": ""1d"", ""period"": ""full""}",2219,0.3826,0.00034,-0.0069,기각,831f677b916d0d37ebf966448b552bb9f80bf612
2026-06-22T23:44:51+00:00,nr7,ALL7@4h,"{""tf"": ""4h"", ""period"": ""full""}",13531,0.1364,-0.00136,-0.00341,기각,831f677b916d0d37ebf966448b552bb9f80bf612
2026-06-22T23:44:53+00:00,nr7,ALL7@1h,"{""tf"": ""1h"", ""period"": ""full""}",57090,0.0307,-0.00157,-0.00245,기각,831f677b916d0d37ebf966448b552bb9f80bf612
2026-06-22T23:44:53+00:00,double_bottom,ALL7@1d,"{""tf"": ""1d"", ""period"": ""full""}",465,0.4323,0.01038,0.01019,통과,831f677b916d0d37ebf966448b552bb9f80bf612
2026-06-22T23:44:53+00:00,double_bottom,OOS@1d@IS,"{""tf"": ""1d"", ""from"": ""2021-01-01"", ""to"": ""2023-12-31""}",254,0.4764,0.0187,0.04636,통과,831f677b916d0d37ebf966448b552bb9f80bf612
2026-06-22T23:44:53+00:00,double_bottom,OOS@1d@OOS,"{""tf"": ""1d"", ""from"": ""2024-01-01"", ""to"": ""2026-12-31""}",211,0.3791,0.00036,-0.00848,기각,831f677b916d0d37ebf966448b552bb9f80bf612
2026-06-22T23:44:53+00:00,double_bottom,BASE@1d,"{""tf"": ""1d"", ""null_mean"": 0.00373, ""p_mean"": 0.144}",465,0.0,0.00664,0.013,베이스라인미초과,831f677b916d0d37ebf966448b552bb9f80bf612
2026-06-22T23:44:54+00:00,double_bottom,ALL7@4h,"{""tf"": ""4h"", ""period"": ""full""}",1562,0.2215,0.00582,-0.00348,기각,831f677b916d0d37ebf966448b552bb9f80bf612
2026-06-22T23:44:55+00:00,double_bottom,ALL7@1h,"{""tf"": ""1h"", ""period"": ""full""}",1870,0.1283,0.00559,0.00156,통과,831f677b916d0d37ebf966448b552bb9f80bf612
2026-06-22T23:44:57+00:00,double_bottom,OOS@1h@IS,"{""tf"": ""1h"", ""from"": ""2021-01-01"", ""to"": ""2023-12-31""}",1382,0.1512,0.0075,0.0018,통과,831f677b916d0d37ebf966448b552bb9f80bf612
2026-06-22T23:44:58+00:00,double_bottom,OOS@1h@OOS,"{""tf"": ""1h"", ""from"": ""2024-01-01"", ""to"": ""2026-12-31""}",488,0.0635,0.00017,0.00025,기각,831f677b916d0d37ebf966448b552bb9f80bf612
2026-06-22T23:45:03+00:00,double_bottom,BASE@1h,"{""tf"": ""1h"", ""null_mean"": -0.00105, ""p_mean"": 0.0}",1870,0.0,0.00664,0.00365,유의,831f677b916d0d37ebf966448b552bb9f80bf612
2026-06-23T23:38:43+00:00,engulfing,WEAR@filters,"{""cut"": ""2025-07-01"", ""result"": ""none_restored""}",10,0.0,-0.0392,0.0,마모복원불가,814ca6b86e9ab3f0ebd64a9a9d756609a456a8bb
2026-06-23T23:43:10+00:00,bb_squeeze,ALL7@1d,"{""tf"": ""1d"", ""period"": ""full""}",29,0.3793,0.00017,0.01196,기각,814ca6b86e9ab3f0ebd64a9a9d756609a456a8bb
2026-06-23T23:43:11+00:00,bb_squeeze,ALL7@4h,"{""tf"": ""4h"", ""period"": ""full""}",162,0.1173,-0.00877,-0.01823,기각,814ca6b86e9ab3f0ebd64a9a9d756609a456a8bb
2026-06-23T23:43:14+00:00,bb_squeeze,ALL7@1h,"{""tf"": ""1h"", ""period"": ""full""}",518,0.0193,-0.0065,-0.00847,기각,814ca6b86e9ab3f0ebd64a9a9d756609a456a8bb
2026-06-23T23:43:14+00:00,fvg,ALL7@1d,"{""tf"": ""1d"", ""period"": ""full""}",534,0.485,0.02805,0.05665,통과,814ca6b86e9ab3f0ebd64a9a9d756609a456a8bb
2026-06-23T23:43:14+00:00,fvg,OOS@1d@IS,"{""tf"": ""1d"", ""from"": ""2021-01-01"", ""to"": ""2023-12-31""}",288,0.5208,0.04495,0.09873,통과,814ca6b86e9ab3f0ebd64a9a9d756609a456a8bb
2026-06-23T23:43:14+00:00,fvg,OOS@1d@OOS,"{""tf"": ""1d"", ""from"": ""2024-01-01"", ""to"": ""2026-12-31""}",246,0.4431,0.00827,0.00658,통과,814ca6b86e9ab3f0ebd64a9a9d756609a456a8bb
2026-06-23T23:43:14+00:00,fvg,BASE@1d,"{""tf"": ""1d"", ""null_mean"": 0.00376, ""p_mean"": 0.0}",534,0.0,0.02429,0.05919,유의,814ca6b86e9ab3f0ebd64a9a9d756609a456a8bb
2026-06-23T23:43:14+00:00,inverse_hs,ALL7@1d,"{""tf"": ""1d"", ""period"": ""full""}",170,0.4235,0.01582,0.02095,통과,814ca6b86e9ab3f0ebd64a9a9d756609a456a8bb
2026-06-23T23:43:15+00:00,inverse_hs,OOS@1d@IS,"{""tf"": ""1d"", ""from"": ""2021-01-01"", ""to"": ""2023-12-31""}",91,0.4615,0.0228,0.04734,통과,814ca6b86e9ab3f0ebd64a9a9d756609a456a8bb
2026-06-23T23:43:15+00:00,inverse_hs,OOS@1d@OOS,"{""tf"": ""1d"", ""from"": ""2024-01-01"", ""to"": ""2026-12-31""}",79,0.3797,0.00778,-0.00076,기각,814ca6b86e9ab3f0ebd64a9a9d756609a456a8bb
2026-06-23T23:43:15+00:00,inverse_hs,BASE@1d,"{""tf"": ""1d"", ""null_mean"": 0.00369, ""p_mean"": 0.104}",170,0.0,0.01213,0.02261,베이스라인미초과,814ca6b86e9ab3f0ebd64a9a9d756609a456a8bb
2026-06-23T23:43:15+00:00,inverse_hs,ALL7@4h,"{""tf"": ""4h"", ""period"": ""full""}",1580,0.1297,0.00171,-0.00436,기각,814ca6b86e9ab3f0ebd64a9a9d756609a456a8bb
2026-06-23T23:43:17+00:00,inverse_hs,ALL7@1h,"{""tf"": ""1h"", ""period"": ""full""}",7244,0.0348,-0.00025,-0.00307,기각,814ca6b86e9ab3f0ebd64a9a9d756609a456a8bb
2026-06-23T23:43:17+00:00,macd_divergence,ALL7@1d,"{""tf"": ""1d"", ""period"": ""full""}",353,0.4136,0.00102,0.00353,기각,814ca6b86e9ab3f0ebd64a9a9d756609a456a8bb
2026-06-23T23:43:17+00:00,macd_divergence,ALL7@4h,"{""tf"": ""4h"", ""period"": ""full""}",2112,0.1188,0.0,-0.00138,기각,814ca6b86e9ab3f0ebd64a9a9d756609a456a8bb
2026-06-23T23:43:19+00:00,macd_divergence,ALL7@1h,"{""tf"": ""1h"", ""period"": ""full""}",7968,0.0264,-0.00279,-0.00172,기각,814ca6b86e9ab3f0ebd64a9a9d756609a456a8bb
2026-06-23T23:43:19+00:00,order_block,ALL7@1d,"{""tf"": ""1d"", ""period"": ""full""}",164,0.4024,0.0115,0.00083,통과,814ca6b86e9ab3f0ebd64a9a9d756609a456a8bb
2026-06-23T23:43:19+00:00,order_block,OOS@1d@IS,"{""tf"": ""1d"", ""from"": ""2021-01-01"", ""to"": ""2023-12-31""}",87,0.5172,0.03483,0.09952,통과,814ca6b86e9ab3f0ebd64a9a9d756609a456a8bb
2026-06-23T23:43:19+00:00,order_block,OOS@1d@OOS,"{""tf"": ""1d"", ""from"": ""2024-01-01"", ""to"": ""2026-12-31""}",77,0.2727,-0.01485,-0.03104,기각,814ca6b86e9ab3f0ebd64a9a9d756609a456a8bb
2026-06-23T23:43:19+00:00,order_block,BASE@1d,"{""tf"": ""1d"", ""null_mean"": 0.0037, ""p_mean"": 0.204}",164,0.0,0.0078,0.00253,베이스라인미초과,814ca6b86e9ab3f0ebd64a9a9d756609a456a8bb
2026-06-23T23:43:20+00:00,order_block,ALL7@4h,"{""tf"": ""4h"", ""period"": ""full""}",849,0.1649,0.0036,-0.00165,기각,814ca6b86e9ab3f0ebd64a9a9d756609a456a8bb
2026-06-23T23:43:21+00:00,order_block,ALL7@1h,"{""tf"": ""1h"", ""period"": ""full""}",3173,0.047,0.001,-0.00296,기각,814ca6b86e9ab3f0ebd64a9a9d756609a456a8bb
2026-06-23T23:43:21+00:00,bos_choch,ALL7@1d,"{""tf"": ""1d"", ""period"": ""full""}",692,0.4046,0.00439,-0.00848,기각,814ca6b86e9ab3f0ebd64a9a9d756609a456a8bb
2026-06-23T23:43:21+00:00,bos_choch,ALL7@4h,"{""tf"": ""4h"", ""period"": ""full""}",4405,0.16,0.00279,-0.00324,기각,814ca6b86e9ab3f0ebd64a9a9d756609a456a8bb
2026-06-23T23:43:23+00:00,bos_choch,ALL7@1h,"{""tf"": ""1h"", ""period"": ""full""}",17940,0.0378,-0.00047,-0.00304,기각,814ca6b86e9ab3f0ebd64a9a9d756609a456a8bb
2026-06-23T23:43:23+00:00,spring_wyckoff,ALL7@1d,"{""tf"": ""1d"", ""period"": ""full""}",397,0.4282,-0.00109,0.0003,기각,814ca6b86e9ab3f0ebd64a9a9d756609a456a8bb
2026-06-23T23:43:23+00:00,spring_wyckoff,ALL7@4h,"{""tf"": ""4h"", ""period"": ""full""}",1648,0.1875,0.00156,0.00494,기각,814ca6b86e9ab3f0ebd64a9a9d756609a456a8bb
2026-06-23T23:43:25+00:00,spring_wyckoff,ALL7@1h,"{""tf"": ""1h"", ""period"": ""full""}",3147,0.0731,0.00022,0.0022,기각,814ca6b86e9ab3f0ebd64a9a9d756609a456a8bb
2026-06-23T23:45:28+00:00,fvg,PREC@slip,"{""slip"": 0.001, ""p"": 0.0}",534,0.0,0.02705,0.05565,통과,814ca6b86e9ab3f0ebd64a9a9d756609a456a8bb
2026-06-23T23:45:28+00:00,fvg,PREC@walkforward,"{""valid"": 11, ""pos"": 6}",11,0.5455,0.0,0.0,실패,814ca6b86e9ab3f0ebd64a9a9d756609a456a8bb
2026-06-23T23:45:28+00:00,fvg,PREC@newsymbols,"{""persym_pos"": 4}",357,0.0,0.01746,0.06189,통과,814ca6b86e9ab3f0ebd64a9a9d756609a456a8bb
2026-06-24T00:13:15+00:00,engulfing_short,ALL7@1d,"{""tf"": ""1d"", ""period"": ""full""}",87,0.4368,0.01076,0.04623,통과,2c04372b02d2a826c1b392f24336f44e7fef26b1
2026-06-24T00:13:15+00:00,engulfing_short,OOS@1d@IS,"{""tf"": ""1d"", ""from"": ""2021-01-01"", ""to"": ""2023-12-31""}",53,0.434,0.01629,0.03859,통과,2c04372b02d2a826c1b392f24336f44e7fef26b1
2026-06-24T00:13:15+00:00,engulfing_short,OOS@1d@OOS,"{""tf"": ""1d"", ""from"": ""2024-01-01"", ""to"": ""2026-12-31""}",34,0.4412,0.00214,0.06025,기각,2c04372b02d2a826c1b392f24336f44e7fef26b1
2026-06-24T00:13:15+00:00,engulfing_short,BASE@1d,"{""tf"": ""1d"", ""null_mean"": -0.00796, ""p_mean"": 0.094}",87,0.0,0.01872,0.05083,베이스라인미초과,2c04372b02d2a826c1b392f24336f44e7fef26b1
2026-06-24T00:13:16+00:00,engulfing_short,ALL7@4h,"{""tf"": ""4h"", ""period"": ""full""}",870,0.108,-0.00393,-0.0029,기각,2c04372b02d2a826c1b392f24336f44e7fef26b1
2026-06-24T00:13:17+00:00,engulfing_short,ALL7@1h,"{""tf"": ""1h"", ""period"": ""full""}",4162,0.0135,-0.00351,-0.00334,기각,2c04372b02d2a826c1b392f24336f44e7fef26b1
2026-06-24T00:13:17+00:00,fvg_short,ALL7@1d,"{""tf"": ""1d"", ""period"": ""full""}",426,0.3615,-0.00882,-0.01389,기각,2c04372b02d2a826c1b392f24336f44e7fef26b1
2026-06-24T00:13:18+00:00,fvg_short,ALL7@4h,"{""tf"": ""4h"", ""period"": ""full""}",2755,0.171,-0.00148,-0.00321,기각,2c04372b02d2a826c1b392f24336f44e7fef26b1
2026-06-24T00:13:19+00:00,fvg_short,ALL7@1h,"{""tf"": ""1h"", ""period"": ""full""}",12203,0.0432,-0.00161,-0.00268,기각,2c04372b02d2a826c1b392f24336f44e7fef26b1
2026-06-24T00:13:19+00:00,inverse_hs_short,ALL7@1d,"{""tf"": ""1d"", ""period"": ""full""}",199,0.3467,-0.0144,-0.03033,기각,2c04372b02d2a826c1b392f24336f44e7fef26b1
2026-06-24T00:13:19+00:00,inverse_hs_short,ALL7@4h,"{""tf"": ""4h"", ""period"": ""full""}",1644,0.135,-0.0012,-0.00281,기각,2c04372b02d2a826c1b392f24336f44e7fef26b1
2026-06-24T00:13:21+00:00,inverse_hs_short,ALL7@1h,"{""tf"": ""1h"", ""period"": ""full""}",7208,0.0252,-0.00291,-0.00347,기각,2c04372b02d2a826c1b392f24336f44e7fef26b1
2026-06-24T00:13:21+00:00,order_block_short,ALL7@1d,"{""tf"": ""1d"", ""period"": ""full""}",86,0.4535,-0.00202,-0.01009,기각,2c04372b02d2a826c1b392f24336f44e7fef26b1
2026-06-24T00:13:21+00:00,order_block_short,ALL7@4h,"{""tf"": ""4h"", ""period"": ""full""}",741,0.1444,-0.0068,-0.0087,기각,2c04372b02d2a826c1b392f24336f44e7fef26b1
2026-06-24T00:13:23+00:00,order_block_short,ALL7@1h,"{""tf"": ""1h"", ""period"": ""full""}",2566,0.0366,-0.00376,-0.00532,기각,2c04372b02d2a826c1b392f24336f44e7fef26b1
2026-06-24T00:30:28+00:00,engulfing,EXIT@A,"{""method"": ""A"", ""maxloss"": -0.17503267372296372, ""avghold"": 10.116666666666667}",60,0.0,0.03425,0.09988,비교용,74f78470468bef244183deb78f8a9e6f451cc2d9
2026-06-24T00:30:28+00:00,engulfing,EXIT@D,"{""method"": ""D"", ""maxloss"": -0.082, ""avghold"": 10.983333333333333}",60,0.0,0.06772,-0.0298,비교용,74f78470468bef244183deb78f8a9e6f451cc2d9
2026-06-24T00:30:28+00:00,fvg,EXIT@A,"{""method"": ""A"", ""maxloss"": -0.2524898297210496, ""avghold"": 8.94943820224719}",534,0.0,0.02805,0.05665,비교용,74f78470468bef244183deb78f8a9e6f451cc2d9
2026-06-24T00:30:28+00:00,fvg,EXIT@D,"{""method"": ""D"", ""maxloss"": -0.082, ""avghold"": 8.260299625468164}",534,0.0,0.05937,-0.04189,비교용,74f78470468bef244183deb78f8a9e6f451cc2d9
2026-06-24T00:30:28+00:00,engulfing_short,EXIT@A,"{""method"": ""A"", ""maxloss"": -0.2861191066997517, ""avghold"": 10.172413793103448}",87,0.0,0.01076,0.04623,비교용,74f78470468bef244183deb78f8a9e6f451cc2d9
2026-06-24T00:30:28+00:00,engulfing_short,EXIT@D,"{""method"": ""D"", ""maxloss"": -0.082, ""avghold"": 9.126436781609195}",87,0.0,0.00869,-0.021,비교용,74f78470468bef244183deb78f8a9e6f451cc2d9
2026-06-24T00:30:28+00:00,fvg_short,EXIT@A,"{""method"": ""A"", ""maxloss"": -0.6632997658079625, ""avghold"": 9.640845070422536}",426,0.0,-0.00882,-0.01389,비교용,74f78470468bef244183deb78f8a9e6f451cc2d9
2026-06-24T00:30:28+00:00,fvg_short,EXIT@D,"{""method"": ""D"", ""maxloss"": -0.082, ""avghold"": 11.772300469483568}",426,0.0,0.00012,-0.082,비교용,74f78470468bef244183deb78f8a9e6f451cc2d9
2026-06-24T01:00:49+00:00,engulfing,TF@1d,"{""tf"": ""1d""}",90,0.0,0.0358,0.09988,검증통과,568e771d8f59d7808d0acdf0c366095a33849bdc
2026-06-24T01:00:53+00:00,engulfing,TF@4h,"{""tf"": ""4h""}",1103,0.0,0.00747,0.00439,게이트후탈락,568e771d8f59d7808d0acdf0c366095a33849bdc
2026-06-24T01:00:55+00:00,engulfing,TF@1h,"{""tf"": ""1h""}",5801,0.0,-0.00226,-0.00294,기각,568e771d8f59d7808d0acdf0c366095a33849bdc
2026-06-24T01:01:05+00:00,engulfing,TF@15m,"{""tf"": ""15m""}",26616,0.0,-0.00206,-0.0025,기각,568e771d8f59d7808d0acdf0c366095a33849bdc
2026-06-24T01:01:06+00:00,fvg,TF@1d,"{""tf"": ""1d""}",891,0.0,0.02363,0.06189,검증통과,568e771d8f59d7808d0acdf0c366095a33849bdc
2026-06-24T01:01:06+00:00,fvg,TF@4h,"{""tf"": ""4h""}",5092,0.0,0.00567,7e-05,기각,568e771d8f59d7808d0acdf0c366095a33849bdc
2026-06-24T01:01:09+00:00,fvg,TF@1h,"{""tf"": ""1h""}",20348,0.0,0.00107,-0.002,기각,568e771d8f59d7808d0acdf0c366095a33849bdc
2026-06-24T01:01:18+00:00,fvg,TF@15m,"{""tf"": ""15m""}",82511,0.0,-0.00137,-0.00274,기각,568e771d8f59d7808d0acdf0c366095a33849bdc
2026-06-24T01:01:19+00:00,engulfing_short,TF@1d,"{""tf"": ""1d""}",147,0.0,0.00895,0.0537,게이트후탈락,568e771d8f59d7808d0acdf0c366095a33849bdc
2026-06-24T01:01:19+00:00,engulfing_short,TF@4h,"{""tf"": ""4h""}",1445,0.0,-0.00186,-0.00083,기각,568e771d8f59d7808d0acdf0c366095a33849bdc
2026-06-24T01:01:22+00:00,engulfing_short,TF@1h,"{""tf"": ""1h""}",6962,0.0,-0.00352,-0.00344,기각,568e771d8f59d7808d0acdf0c366095a33849bdc
2026-06-24T01:01:31+00:00,engulfing_short,TF@15m,"{""tf"": ""15m""}",28971,0.0,-0.00239,-0.00245,기각,568e771d8f59d7808d0acdf0c366095a33849bdc
2026-06-24T01:01:31+00:00,fvg_short,TF@1d,"{""tf"": ""1d""}",705,0.0,-0.01258,-0.03316,기각,568e771d8f59d7808d0acdf0c366095a33849bdc
2026-06-24T01:01:32+00:00,fvg_short,TF@4h,"{""tf"": ""4h""}",4561,0.0,-0.00117,-0.002,기각,568e771d8f59d7808d0acdf0c366095a33849bdc
2026-06-24T01:01:34+00:00,fvg_short,TF@1h,"{""tf"": ""1h""}",20485,0.0,-0.00191,-0.00275,기각,568e771d8f59d7808d0acdf0c366095a33849bdc
2026-06-24T01:01:43+00:00,fvg_short,TF@15m,"{""tf"": ""15m""}",84147,0.0,-0.00278,-0.00308,기각,568e771d8f59d7808d0acdf0c366095a33849bdc
2026-06-24T05:29:31+00:00,inverted_hammer,CANDLE@1d,"{""dir"": ""long""}",641,0.0,0.01782,0.01266,검증통과,827f5a7d1e0badf54f194ac89d345d276803df43
2026-06-24T05:29:31+00:00,hammer,CANDLE@1d,"{""dir"": ""long""}",699,0.0,-0.00844,-0.02072,기각,827f5a7d1e0badf54f194ac89d345d276803df43
2026-06-24T05:29:31+00:00,piercing_line,CANDLE@1d,"{""dir"": ""long""}",1624,0.0,-0.00022,-0.01404,기각,827f5a7d1e0badf54f194ac89d345d276803df43
2026-06-24T05:29:32+00:00,dark_cloud_cover,CANDLE@1d,"{""dir"": ""short""}",1785,0.0,-4e-05,0.01336,기각,827f5a7d1e0badf54f194ac89d345d276803df43
2026-06-24T05:29:32+00:00,morning_star,CANDLE@1d,"{""dir"": ""long""}",1191,0.0,-0.00238,-0.02269,기각,827f5a7d1e0badf54f194ac89d345d276803df43
2026-06-24T05:29:32+00:00,evening_star,CANDLE@1d,"{""dir"": ""short""}",1228,0.0,-0.0053,-0.00192,기각,827f5a7d1e0badf54f194ac89d345d276803df43
2026-06-24T05:29:33+00:00,marubozu,CANDLE@1d,"{""dir"": ""long""}",90,0.0,0.03198,0.01824,검증통과,827f5a7d1e0badf54f194ac89d345d276803df43
2026-06-24T05:29:34+00:00,marubozu_short,CANDLE@1d,"{""dir"": ""short""}",65,0.0,-0.04098,-0.07414,기각,827f5a7d1e0badf54f194ac89d345d276803df43
2026-06-24T05:46:46+00:00,inverted_hammer,PRECISION@1d,"{""slip_ok"": true, ""wf_ok"": false}",641,0.0,0.01682,0.01166,passed,70304563c62efda014c2c541abf8c6b496db2fd1
2026-06-24T05:46:47+00:00,marubozu,PRECISION@1d,"{""slip_ok"": true, ""wf_ok"": false}",90,0.0,0.03098,0.01724,passed,70304563c62efda014c2c541abf8c6b496db2fd1
2026-06-29T01:21:43+00:00,gartley,ALL7@1d,"{""tf"": ""1d"", ""period"": ""full""}",13,0.6923,0.06685,0.11904,보류(표본부족),74f7b62541417eb7123adee52e91863b9c9ec1cb
2026-06-29T01:21:45+00:00,gartley,ALL7@4h,"{""tf"": ""4h"", ""period"": ""full""}",56,0.2679,0.02838,0.01036,통과,74f7b62541417eb7123adee52e91863b9c9ec1cb
2026-06-29T01:21:51+00:00,gartley,OOS@4h@IS,"{""tf"": ""4h"", ""from"": ""2021-01-01"", ""to"": ""2023-12-31""}",31,0.2258,0.02919,0.01036,통과,74f7b62541417eb7123adee52e91863b9c9ec1cb
2026-06-29T01:21:57+00:00,gartley,OOS@4h@OOS,"{""tf"": ""4h"", ""from"": ""2024-01-01"", ""to"": ""2026-12-31""}",25,0.32,0.02738,0.01776,통과,74f7b62541417eb7123adee52e91863b9c9ec1cb
2026-06-29T01:23:31+00:00,gartley,ALL7@1d,"{""tf"": ""1d"", ""period"": ""full""}",13,0.6923,0.06685,0.11904,보류(표본부족),74f7b62541417eb7123adee52e91863b9c9ec1cb
2026-06-29T01:23:33+00:00,gartley,ALL7@4h,"{""tf"": ""4h"", ""period"": ""full""}",56,0.2679,0.02838,0.01036,통과,74f7b62541417eb7123adee52e91863b9c9ec1cb
2026-06-29T01:23:37+00:00,gartley,OOS@4h@IS,"{""tf"": ""4h"", ""from"": ""2021-01-01"", ""to"": ""2023-12-31""}",31,0.2258,0.02919,0.01036,통과,74f7b62541417eb7123adee52e91863b9c9ec1cb
2026-06-29T01:23:43+00:00,gartley,OOS@4h@OOS,"{""tf"": ""4h"", ""from"": ""2024-01-01"", ""to"": ""2026-12-31""}",25,0.32,0.02738,0.01776,통과,74f7b62541417eb7123adee52e91863b9c9ec1cb
2026-06-29T01:23:57+00:00,gartley,BASE@4h,"{""tf"": ""4h"", ""null_mean"": -0.00183, ""p_mean"": 0.008}",56,0.0,0.03021,0.01511,유의,74f7b62541417eb7123adee52e91863b9c9ec1cb
2026-06-29T01:23:59+00:00,bat,ALL7@1d,"{""tf"": ""1d"", ""period"": ""full""}",12,0.6667,0.03957,0.10689,보류(표본부족),74f7b62541417eb7123adee52e91863b9c9ec1cb
2026-06-29T01:24:04+00:00,bat,ALL7@4h,"{""tf"": ""4h"", ""period"": ""full""}",57,0.3509,0.04216,0.0529,통과,74f7b62541417eb7123adee52e91863b9c9ec1cb
2026-06-29T01:24:11+00:00,bat,OOS@4h@IS,"{""tf"": ""4h"", ""from"": ""2021-01-01"", ""to"": ""2023-12-31""}",24,0.5833,0.07376,0.10091,통과,74f7b62541417eb7123adee52e91863b9c9ec1cb
2026-06-29T01:24:18+00:00,bat,OOS@4h@OOS,"{""tf"": ""4h"", ""from"": ""2024-01-01"", ""to"": ""2026-12-31""}",33,0.1818,0.01918,0.02417,통과,74f7b62541417eb7123adee52e91863b9c9ec1cb
2026-06-29T01:24:32+00:00,bat,BASE@4h,"{""tf"": ""4h"", ""null_mean"": -0.00184, ""p_mean"": 0.0}",57,0.0,0.04401,0.05772,유의,74f7b62541417eb7123adee52e91863b9c9ec1cb
2026-06-29T01:24:34+00:00,butterfly,ALL7@1d,"{""tf"": ""1d"", ""period"": ""full""}",14,0.5714,0.03855,0.10146,보류(표본부족),74f7b62541417eb7123adee52e91863b9c9ec1cb
2026-06-29T01:24:40+00:00,butterfly,ALL7@4h,"{""tf"": ""4h"", ""period"": ""full""}",42,0.2857,0.03058,0.03045,통과,74f7b62541417eb7123adee52e91863b9c9ec1cb
2026-06-29T01:24:46+00:00,butterfly,OOS@4h@IS,"{""tf"": ""4h"", ""from"": ""2021-01-01"", ""to"": ""2023-12-31""}",21,0.2381,0.03117,0.03921,통과,74f7b62541417eb7123adee52e91863b9c9ec1cb
2026-06-29T01:24:52+00:00,butterfly,OOS@4h@OOS,"{""tf"": ""4h"", ""from"": ""2024-01-01"", ""to"": ""2026-12-31""}",21,0.3333,0.02999,0.02979,통과,74f7b62541417eb7123adee52e91863b9c9ec1cb
2026-06-29T01:25:06+00:00,butterfly,BASE@4h,"{""tf"": ""4h"", ""null_mean"": -0.00162, ""p_mean"": 0.007}",42,0.0,0.0322,0.03509,유의,74f7b62541417eb7123adee52e91863b9c9ec1cb
2026-06-29T01:25:09+00:00,crab,ALL7@1d,"{""tf"": ""1d"", ""period"": ""full""}",1,1.0,0.10767,0.10767,보류(표본부족),74f7b62541417eb7123adee52e91863b9c9ec1cb
2026-06-29T01:25:15+00:00,crab,ALL7@4h,"{""tf"": ""4h"", ""period"": ""full""}",11,0.3636,0.05299,0.05328,보류(표본부족),74f7b62541417eb7123adee52e91863b9c9ec1cb
2026-06-29T01:29:21+00:00,crab,ALL7@1h,"{""tf"": ""1h"", ""period"": ""full""}",40,0.025,0.00425,0.00596,기각,74f7b62541417eb7123adee52e91863b9c9ec1cb
2026-06-29T01:29:23+00:00,shark,ALL7@1d,"{""tf"": ""1d"", ""period"": ""full""}",0,0.0,0.0,0.0,보류(표본부족),74f7b62541417eb7123adee52e91863b9c9ec1cb
2026-06-29T01:29:30+00:00,shark,ALL7@4h,"{""tf"": ""4h"", ""period"": ""full""}",11,0.1818,0.00924,0.01921,보류(표본부족),74f7b62541417eb7123adee52e91863b9c9ec1cb
2026-06-29T01:29:55+00:00,shark,ALL7@1h,"{""tf"": ""1h"", ""period"": ""full""}",50,0.02,0.00645,0.00264,기각,74f7b62541417eb7123adee52e91863b9c9ec1cb
2026-06-29T01:29:57+00:00,cypher,ALL7@1d,"{""tf"": ""1d"", ""period"": ""full""}",0,0.0,0.0,0.0,보류(표본부족),74f7b62541417eb7123adee52e91863b9c9ec1cb
2026-06-29T01:30:04+00:00,cypher,ALL7@4h,"{""tf"": ""4h"", ""period"": ""full""}",23,0.1304,-0.00623,-0.01813,기각,74f7b62541417eb7123adee52e91863b9c9ec1cb
2026-06-29T01:30:30+00:00,cypher,ALL7@1h,"{""tf"": ""1h"", ""period"": ""full""}",119,0.042,0.00407,0.00064,기각,74f7b62541417eb7123adee52e91863b9c9ec1cb
2026-06-29,three_soldiers_4h,4h,long,908,1.04,0.97,p<0.0001,3,PASSED,"bull 레짐 롱 전용, Q4 bear 음수"
2026-06-29,three_crows_4h,4h,short,573,-1.19,-0.37,na,0,REJECTED,short 방향 mean<0 (-1.19%)
2026-06-29,breakout_retest_4h,4h,long,25729,0.37,-0.23,na,0,REJECTED,median<0 (-0.23%) 게이트 탈락
2026-06-29,equal_highs_4h,4h,short,6962,-0.26,-0.25,na,0,REJECTED,mean<0
2026-06-29,equal_lows_4h,4h,long,6618,-0.48,-0.26,na,0,REJECTED,mean<0
2026-06-29,vwap_rev_long_4h,4h,long,31005,-0.25,-0.67,na,0,REJECTED,mean<0
2026-06-29,vwap_rev_short_4h,4h,short,28537,-0.06,0.25,na,0,REJECTED,mean<0 (방향 조정 필요)
2026-06-29,three_crows_4h_bear_alt,4h,short,169,-0.2,0.18,p=0.7806(boot_p=0.601),1,REJECTED,"mean<0 전체, bear전용(n=129,mean=+0.36%) 유의성없음(boot_p=0.436), altseason 더 나쁨"
2026-06-29,three_soldiers_1h,1h,long,2107,0.28,0.02,p=0.012(boot=0.270),3,REJECTED,boot_p 유의성없음
2026-06-29,three_crows_1h,1h,short,1623,0.38,-0.04,p=0.005(boot=0.247),3,REJECTED,"median<0, boot_p 유의성없음"
2026-06-29,engulfing_1h,1h,long,16791,-0.23,-0.33,p=0.000(boot=0.525),0,REJECTED,"mean<0, OOS 0/4"
2026-06-29,inverted_hammer_1h,1h,long,34061,-0.08,-0.2,p=0.003(boot=0.444),0,REJECTED,"mean<0, OOS 0/4"
2026-06-29,fvg_long_1h,1h,long,56977,0.06,-0.3,p=0.008(boot=0.372),3,REJECTED,"median<0, boot_p 유의성없음"
2026-06-29,fvg_short_1h,1h,short,56977,-0.46,-0.1,p=0.000(boot=0.628),0,REJECTED,"mean<0, OOS 0/4"
2026-06-29,gartley_1h,1h,long,290,0.91,0.3,p=0.000(boot=0.092),4,REJECTED,boot_p=0.092>0.05 경계탈락
2026-06-29,bat_1h,1h,long,108,1.46,0.99,p=0.001(boot=0.034),4,PASSED,"OOS 4/4 완전통과, 레짐무관"
2026-06-29,butterfly_1h,1h,long,161,1.59,1.17,p=0.000(boot=0.024),4,PASSED,"OOS 4/4 완전통과, 레짐무관"
2026-06-29,vwap_rev_long_1h,1h,long,41793,-0.09,-0.2,p=0.000(boot=0.453),1,REJECTED,"mean<0, OOS 1/4"
2026-06-29,vwap_rev_short_1h,1h,short,38984,-0.19,-0.1,p=0.000(boot=0.485),1,REJECTED,"mean<0, OOS 1/4"
2026-06-29,breakout_retest_1h,1h,long,51316,-0.05,-0.34,p=0.013(boot=0.434),3,REJECTED,"median<0, boot_p 유의성없음"
2026-07-03,method_e_chandelier,1d,all,1290,-0.58,-2.93,calmar=-0.008(D=0.662),0/3,REJECTED,"vs D 3축 전패(전 패턴), 고정SL 부재로 MDD -71.5%"
2026-07-03,method_f_scaleout,1d,all,1290,1.13,3.8,calmar=0.138(D=0.662),0/3,REJECTED,"vs D pooled 0/3 (fvg_short만 2/3), 기대값·Calmar 열세"
2026-07-03,bb_zscore_1h,1h,long,14699,-0.16,-0.2,p=0.000(boot=0.460),0/4,REJECTED,"mean<=0, median<=0, boot_p=0.460, OOS 0/4<2"
2026-07-03,bb_zscore_short_1h,1h,short,10217,-0.05,-0.01,p=0.227(boot=0.424),2/4,REJECTED,"mean<=0, median<=0, boot_p=0.424"
2026-07-03,rsi_extreme_1h,1h,long,4281,-0.25,-0.06,p=0.000(boot=0.518),2/4,REJECTED,"mean<=0, median<=0, boot_p=0.518"
2026-07-03,rsi_extreme_short_1h,1h,short,3316,-0.38,0.02,p=0.000(boot=0.602),0/4,REJECTED,"mean<=0, boot_p=0.602, OOS 0/4<2"
2026-07-06,method_g_score,1d,all,1290,5.39,-8.2,calmar=0.657(D=0.662),0/3,REJECTED,"vs D pooled 0/3 — 단 inverted_hammer 2/3 우위(+8.32% vs +4.04%, Calmar 1.015 vs 0.492)"
2026-07-06,method_h_hhfail,1d,all,1290,1.17,-1.84,calmar=0.143(D=0.662),0/3,REJECTED,"3봉 실패 조기청산이 러너 절단(평균보유 4.6봉), 전 패턴 0/3"
2026-07-06,engulfing@univ71,1d,long,433,0.5,0.2,p=0.446(boot=0.349),2/4,REJECTED,boot_p=0.349
2026-07-06,engulfing_short@univ71,1d,short,612,0.12,5.36,p=0.837(boot=0.502),1/4,REJECTED,"boot_p=0.502, OOS 1/4"
2026-07-06,fvg@univ71,1d,long,4570,1.75,1.92,p=0.000(boot=0.201),3/4,REJECTED,boot_p=0.201
2026-07-06,fvg_short@univ71,1d,short,3104,-1.25,-4.84,p=0.000(boot=0.715),1/4,REJECTED,"mean<=0, median<=0, boot_p=0.715, OOS 1/4"
2026-07-06,inverted_hammer@univ71,1d,long,1795,0.37,-2.41,p=0.282(boot=0.372),2/4,REJECTED,"median<=0, boot_p=0.372"
2026-07-06,marubozu@univ71,1d,long,259,0.59,-2.7,p=0.536(boot=0.332),2/4,REJECTED,"median<=0, boot_p=0.332"
2026-07-06,tier_split@univ71,1d,all,-,-,-,-,-,NOTE,"메이저 엣지 유지(eng +4.08%/fvg +2.53%/ih +1.73%/mrb +2.02%) vs 알트 소멸(eng +0.04%/ih +0.27%/mrb +0.42%, median 전부 음수). fvg만 알트 +1.67% 생존"
2026-07-06,cohort_boundary@univ71,1d,all,-,-,-,-,-,NOTE,"거래대금 코호트 분석: engulfing top20 유지(+2.65%/med+9.94%/wr59%), fvg top30 질우위(+2.36%/med+6.53%), ih top7 밖 급감(+2.44%→+1.40%), marubozu 불안정(n37~88). 적용: engulfing=top20, fvg=top30, ih/mrb=majors"
2026-07-07,pit_volume_rank@univ71,1d,all,-,-,-,-,-,NOTE,Point-in-time(신호시점 30일 거래대금 랭킹) 검증: engulfing PIT-top20 +2.62%/med+9.94%/wr58% vs 밖 -0.50%/med-6.08%/wr46%. fvg PIT-top30 +2.20%/med+3.67% vs 밖 +1.29%/med+0.23%. look-ahead 없이 경계 유효 확인
2026-07-07,mcap_vs_volume@univ71,1d,all,-,-,-,-,-,NOTE,"시총 top20이 표면상 우위(engulfing +4.93%)였으나 현재시총 랭킹=생존편향 오염 + 25/71종목 시총 데이터 누락 + 시총은 PIT 랭킹 불가(유통량 히스토리 없음) → 거래대금 채택이 방법론적으로 타당, PIT 검증 통과"
2026-07-08,rs_filter_long,1d,long,690,11.32,-8.2,Calmar 1.380 vs 0.803(불리),-,ADOPTED,"RS>0.2 롱 필터 채택: +7.15% vs +3.08% (p=0.060). weak_rs 사이징 ×0.5, 앙상블 보조정렬"
2026-07-08,rs_filter_short,1d,short,433,-0.36,-8.2,Calmar -0.044 vs 0.020,-,REJECTED,"숏은 RS 무상관(유리군이 오히려 열세) — 필터 미적용, 관측만"
2026-07-08,capture_asymmetry,1d,long,690,7.87,-8.2,cap>0 +7.87%/Calmar0.96 vs cap<0 +11.47%/1.40; rs>0.2내부 cap>0 +9.99% vs cap<0 +18.60%,-,REJECTED,"상승/하락 비대칭 포착 — 반전패턴 눌림목매수엔 역효과(bleeder가 더 과매도→반등큼). 진단표시만, 필터 미채택"
2026-07-08,regime_market_cap,1d,long,752,13.12,-8.2,bleed국면 승률59%/+13.1% vs complacent 26%/+3.6%; 분위 승률 59→46→38→29→26 단조; OOS 3/4,-,ADOPTED,시장 집계 cap 레짐지표 채택 — complacent(avg_cap>0) 신규 롱 ×0.6 축소만(보수적). 레짐정의 불변
2026-07-08,regime_ext_short,1d,short,511,-0.48,-8.2,"complacent숏 -0.48% vs bleed숏 +0.69%, 분위 비단조",-,REJECTED,숏 대칭성 없음 — 비대칭은 롱 반등 전용
2026-07-08,regime_ext_slope,1d,long,752,17.95,-8.2,2x2: bleed+falling +17.95%/wr56 vs complacent+rising +2.50%/wr27,-,NOT_APPLIED,기울기 엣지 유효하나 활용엔 공포upsize 필요(정책상 배제). 트림-only에선 무변화 → 미적용(과적합 방어)
2026-07-08,conviction_scoring,1d,long,668,10.11,-8.2,사이즈가중: 동일 8.87% < 곱셈 9.91% < 종합 10.11%; 종합 OOS 4/4 >= 곱셈; rs corr -0.12(약) cap +0.24(강),-,NOTE,종합점수 marginal 우위(+0.2%p)·더 원리적이나 라이브 교체 근거 약함. rs 약함(레짐교란 의심) 재점검 가치. 코드 미변경
2026-07-08,rs_filter_controlled,1d,long,668,7.58,-8.2,"레짐통제후 cap구간 우위 1/3, Welch p=0.38; 중립 -0.58%p, complacent -0.86%p",-,REJECTED,weak_rs 폐기 — rs 순진엣지(+2.76%p)는 레짐(cap) 교란. 독립엣지 소멸. 롱 사이징·앙상블 정렬에서 제거
2026-07-08,ml_meta_filter_gbm,1d,all,1098,8.57,-8.2,OOS604: 상위50% +8.57% vs 베이스 +6.08%; 셔플대조 상위50% +7.28%(착시 재현); Spearman 실제 0.019<셔플 0.076,-,REJECTED,"GBM 메타필터 기각 — 상위50% 초과는 셔플에도 재현되는 분포착시, 순위예측력 0. 유효특징은 mkt_avg_cap(기존 레짐)뿐. 연구전용, 라이브 미연결"
2026-07-10,shooting_precursor,4h/1h,long,162,-,-,"AUC: v_build6 0.661, v_build12 0.660, expand 0.612, rvol 0.601, signed_vol 0.583",-,NOTE,일봉 +15% 슈팅 162건 vs 대조 810: 24-48h 전 거래량 빌드업·변동성 각성·매수우위 전조 실재(연관성)
2026-07-10,vol_awakening_4h,4h,long,35449,0.23,-0.55,t=4.45 p<0.0001(boot=0.389),3/4,REJECTED,"전조→디텍터화 동결게이트 기각: median<0, boot_p 0.39, 발견구간 Q4 음수. base rate 0.65%의 벽 — 연관성이 엣지로 전환 안 됨. 변형 추격 중단"
2026-08-29T11:32:46+00:00,triple_bottom,UNIV67@15m,"{""tf"": ""15m"", ""universe"": 67, ""trigger"": ""neckline_break+vol1.5"", ""boot_p"": 0.599, ""oos_pos"": 0, ""runner"": ""actions#33249780099""}",1435,,-0.0024,-0.00398,REJECTED,0e6e1bc43489e29cb2ee25a66c8555c50b2322b5
2026-08-29T11:32:46+00:00,triple_bottom,UNIV67@1h,"{""tf"": ""1h"", ""universe"": 67, ""trigger"": ""neckline_break+vol1.5"", ""boot_p"": 0.714, ""oos_pos"": 1, ""runner"": ""actions#33249780099""}",309,,-0.00327,-0.00914,REJECTED,0e6e1bc43489e29cb2ee25a66c8555c50b2322b5
2026-08-29T11:32:46+00:00,triple_bottom,UNIV67@4h,"{""tf"": ""4h"", ""universe"": 67, ""trigger"": ""neckline_break+vol1.5"", ""boot_p"": 0.035, ""oos_pos"": 2, ""runner"": ""actions#33249780099""}",269,,0.01657,0.01013,PASSED,0e6e1bc43489e29cb2ee25a66c8555c50b2322b5
2026-08-29T11:32:46+00:00,triple_bottom,UNIV67@1d,"{""tf"": ""1d"", ""universe"": 67, ""trigger"": ""neckline_break+vol1.5"", ""boot_p"": 0.154, ""oos_pos"": 2, ""runner"": ""actions#33249780099""}",320,,0.00567,-0.05737,REJECTED,0e6e1bc43489e29cb2ee25a66c8555c50b2322b5
2026-08-29T11:32:46+00:00,triple_bottom,UNIV67@1w,"{""tf"": ""1w"", ""universe"": 67, ""trigger"": ""neckline_break+vol1.5"", ""boot_p"": 0.0, ""oos_pos"": 1, ""runner"": ""actions#33249780099""}",54,,0.11108,0.12721,REJECTED,0e6e1bc43489e29cb2ee25a66c8555c50b2322b5
2026-08-29T11:32:46+00:00,triple_bottom,UNIV67@1M,"{""tf"": ""1M"", ""universe"": 67, ""trigger"": ""neckline_break+vol1.5"", ""boot_p"": null, ""oos_pos"": null, ""runner"": ""actions#33249780099""}",0,,0.0,0.0,HOLD(표본부족),0e6e1bc43489e29cb2ee25a66c8555c50b2322b5
2026-08-29T11:32:46+00:00,triple_top,UNIV67@15m,"{""tf"": ""15m"", ""universe"": 67, ""trigger"": ""neckline_break+vol1.5"", ""boot_p"": 0.55, ""oos_pos"": 0, ""runner"": ""actions#33249780099""}",1357,,-0.0028,-0.00249,REJECTED,0e6e1bc43489e29cb2ee25a66c8555c50b2322b5
2026-08-29T11:32:46+00:00,triple_top,UNIV67@1h,"{""tf"": ""1h"", ""universe"": 67, ""trigger"": ""neckline_break+vol1.5"", ""boot_p"": 0.371, ""oos_pos"": 1, ""runner"": ""actions#33249780099""}",289,,-0.00223,-0.00243,REJECTED,0e6e1bc43489e29cb2ee25a66c8555c50b2322b5
2026-08-29T11:32:46+00:00,triple_top,UNIV67@4h,"{""tf"": ""4h"", ""universe"": 67, ""trigger"": ""neckline_break+vol1.5"", ""boot_p"": 0.298, ""oos_pos"": 3, ""runner"": ""actions#33249780099""}",254,,0.00644,0.00117,REJECTED,0e6e1bc43489e29cb2ee25a66c8555c50b2322b5
2026-08-29T11:32:46+00:00,triple_top,UNIV67@1d,"{""tf"": ""1d"", ""universe"": 67, ""trigger"": ""neckline_break+vol1.5"", ""boot_p"": 0.805, ""oos_pos"": 3, ""runner"": ""actions#33249780099""}",143,,-0.00646,-0.03411,REJECTED,0e6e1bc43489e29cb2ee25a66c8555c50b2322b5
2026-08-29T11:32:46+00:00,triple_top,UNIV67@1w,"{""tf"": ""1w"", ""universe"": 67, ""trigger"": ""neckline_break+vol1.5"", ""boot_p"": null, ""oos_pos"": null, ""runner"": ""actions#33249780099""}",12,,-0.05264,0.09927,HOLD(표본부족),0e6e1bc43489e29cb2ee25a66c8555c50b2322b5
2026-08-29T11:32:46+00:00,triple_top,UNIV67@1M,"{""tf"": ""1M"", ""universe"": 67, ""trigger"": ""neckline_break+vol1.5"", ""boot_p"": null, ""oos_pos"": null, ""runner"": ""actions#33249780099""}",0,,0.0,0.0,HOLD(표본부족),0e6e1bc43489e29cb2ee25a66c8555c50b2322b5
2026-08-29T15:42:32+00:00,triple_bottom,UNIV67@15m#2,"{""tf"": ""15m"", ""universe"": 67, ""round"": 2, ""windows"": ""1d1800/4h1100/1h365/15m45"", ""boot_p"": 0.592, ""oos_pos"": 0, ""runner"": ""actions#33259086237""}",1447,,-0.00234,-0.00391,REJECTED,f7cf6557b0c6d7a21f8b0a0fb020c38ca91ee70a
2026-08-29T15:42:32+00:00,triple_bottom,UNIV67@1h#2,"{""tf"": ""1h"", ""universe"": 67, ""round"": 2, ""windows"": ""1d1800/4h1100/1h365/15m45"", ""boot_p"": 0.418, ""oos_pos"": 0, ""runner"": ""actions#33259086237""}",2765,,-0.00216,-0.00581,REJECTED,f7cf6557b0c6d7a21f8b0a0fb020c38ca91ee70a
2026-08-29T15:42:32+00:00,triple_bottom,UNIV67@4h#2,"{""tf"": ""4h"", ""universe"": 67, ""round"": 2, ""windows"": ""1d1800/4h1100/1h365/15m45"", ""boot_p"": 0.32, ""oos_pos"": 3, ""runner"": ""actions#33259086237""}",1875,,0.00454,-0.00299,REJECTED(1차 통과 번복),f7cf6557b0c6d7a21f8b0a0fb020c38ca91ee70a
2026-08-29T15:42:32+00:00,triple_bottom,UNIV67@1d#2,"{""tf"": ""1d"", ""universe"": 67, ""round"": 2, ""windows"": ""1d1800/4h1100/1h365/15m45"", ""boot_p"": 0.23, ""oos_pos"": 3, ""runner"": ""actions#33259086237""}",708,,0.00873,-0.04804,REJECTED,f7cf6557b0c6d7a21f8b0a0fb020c38ca91ee70a
2026-08-29T15:42:32+00:00,triple_bottom,UNIV67@1w#2,"{""tf"": ""1w"", ""universe"": 67, ""round"": 2, ""windows"": ""1d1800/4h1100/1h365/15m45"", ""boot_p"": 0.023, ""oos_pos"": 2, ""runner"": ""actions#33259086237""}",141,,0.07719,0.10194,PASSED,f7cf6557b0c6d7a21f8b0a0fb020c38ca91ee70a
2026-08-29T15:42:32+00:00,triple_bottom,UNIV67@1M#2,"{""tf"": ""1M"", ""universe"": 67, ""round"": 2, ""windows"": ""1d1800/4h1100/1h365/15m45"", ""boot_p"": 0.723, ""oos_pos"": 1, ""runner"": ""actions#33259086237""}",21,,-0.0358,-0.15504,REJECTED,f7cf6557b0c6d7a21f8b0a0fb020c38ca91ee70a
2026-08-29T15:42:32+00:00,triple_top,UNIV67@15m#2,"{""tf"": ""15m"", ""universe"": 67, ""round"": 2, ""windows"": ""1d1800/4h1100/1h365/15m45"", ""boot_p"": 0.573, ""oos_pos"": 0, ""runner"": ""actions#33259086237""}",1357,,-0.00279,-0.00249,REJECTED,f7cf6557b0c6d7a21f8b0a0fb020c38ca91ee70a
2026-08-29T15:42:32+00:00,triple_top,UNIV67@1h#2,"{""tf"": ""1h"", ""universe"": 67, ""round"": 2, ""windows"": ""1d1800/4h1100/1h365/15m45"", ""boot_p"": 0.293, ""oos_pos"": 2, ""runner"": ""actions#33259086237""}",2879,,0.00326,0.00094,REJECTED,f7cf6557b0c6d7a21f8b0a0fb020c38ca91ee70a
2026-08-29T15:42:32+00:00,triple_top,UNIV67@4h#2,"{""tf"": ""4h"", ""universe"": 67, ""round"": 2, ""windows"": ""1d1800/4h1100/1h365/15m45"", ""boot_p"": 0.337, ""oos_pos"": 2, ""runner"": ""actions#33259086237""}",1563,,0.00388,0.00024,REJECTED,f7cf6557b0c6d7a21f8b0a0fb020c38ca91ee70a
2026-08-29T15:42:32+00:00,triple_top,UNIV67@1d#2,"{""tf"": ""1d"", ""universe"": 67, ""round"": 2, ""windows"": ""1d1800/4h1100/1h365/15m45"", ""boot_p"": 0.633, ""oos_pos"": 2, ""runner"": ""actions#33259086237""}",268,,-0.00389,-0.02264,REJECTED,f7cf6557b0c6d7a21f8b0a0fb020c38ca91ee70a
2026-08-29T15:42:32+00:00,triple_top,UNIV67@1w#2,"{""tf"": ""1w"", ""universe"": 67, ""round"": 2, ""windows"": ""1d1800/4h1100/1h365/15m45"", ""boot_p"": null, ""oos_pos"": null, ""runner"": ""actions#33259086237""}",15,,-0.05578,0.09836,HOLD(표본부족),f7cf6557b0c6d7a21f8b0a0fb020c38ca91ee70a
2026-08-29T15:42:32+00:00,triple_top,UNIV67@1M#2,"{""tf"": ""1M"", ""universe"": 67, ""round"": 2, ""windows"": ""1d1800/4h1100/1h365/15m45"", ""boot_p"": null, ""oos_pos"": null, ""runner"": ""actions#33259086237""}",1,,0.12683,0.12683,HOLD(표본부족),f7cf6557b0c6d7a21f8b0a0fb020c38ca91ee70a
2026-08-29T16:34:12+00:00,cs_reversal_1h_long,INTRADAY@1h,"{""tf"": ""1h"", ""dir"": ""long"", ""label"": ""ATR1.5x/12-16bar"", ""fee"": 0.002, ""boot_p"": 0.52, ""oos_pos"": 0, ""universe"": 67, ""runner"": ""actions#33261845718""}",52404,,-0.00279,-0.00452,REJECTED,5fad1ccf8cf7b10faeebd1c095f04ddb7a16dcd5
2026-08-29T16:34:12+00:00,cs_reversal_1h_short,INTRADAY@1h,"{""tf"": ""1h"", ""dir"": ""short"", ""label"": ""ATR1.5x/12-16bar"", ""fee"": 0.002, ""boot_p"": 0.426, ""oos_pos"": 0, ""universe"": 67, ""runner"": ""actions#33261845718""}",52404,,-0.00083,0.00275,REJECTED,5fad1ccf8cf7b10faeebd1c095f04ddb7a16dcd5
2026-08-29T16:34:12+00:00,cs_reversal_15m_long,INTRADAY@15m,"{""tf"": ""15m"", ""dir"": ""long"", ""label"": ""ATR1.5x/12-16bar"", ""fee"": 0.002, ""boot_p"": 0.463, ""oos_pos"": 0, ""universe"": 67, ""runner"": ""actions#33261845718""}",34379,,-0.00198,-0.0011,REJECTED,5fad1ccf8cf7b10faeebd1c095f04ddb7a16dcd5
2026-08-29T16:34:12+00:00,cs_reversal_15m_short,INTRADAY@15m,"{""tf"": ""15m"", ""dir"": ""short"", ""label"": ""ATR1.5x/12-16bar"", ""fee"": 0.002, ""boot_p"": 0.438, ""oos_pos"": 0, ""universe"": 67, ""runner"": ""actions#33261845718""}",34379,,-0.00176,-9e-05,REJECTED,5fad1ccf8cf7b10faeebd1c095f04ddb7a16dcd5
2026-08-29T16:34:12+00:00,funding_low_long_1h,INTRADAY@1h,"{""tf"": ""1h"", ""dir"": ""long"", ""label"": ""ATR1.5x/12-16bar"", ""fee"": 0.002, ""boot_p"": 0.728, ""oos_pos"": 0, ""universe"": 67, ""runner"": ""actions#33261845718""}",861,,-0.00449,-0.00614,REJECTED,5fad1ccf8cf7b10faeebd1c095f04ddb7a16dcd5
2026-08-29T16:34:12+00:00,funding_high_short_1h,INTRADAY@1h,"{""tf"": ""1h"", ""dir"": ""short"", ""label"": ""ATR1.5x/12-16bar"", ""fee"": 0.002, ""boot_p"": 0.266, ""oos_pos"": 3, ""universe"": 67, ""runner"": ""actions#33261845718""}",861,,0.00045,0.0036,REJECTED(수수료마진),5fad1ccf8cf7b10faeebd1c095f04ddb7a16dcd5
2026-08-29T16:34:12+00:00,cascade_fade_long_1h,INTRADAY@1h,"{""tf"": ""1h"", ""dir"": ""long"", ""label"": ""ATR1.5x/12-16bar"", ""fee"": 0.002, ""boot_p"": 0.0, ""oos_pos"": 1, ""universe"": 67, ""runner"": ""actions#33261845718""}",85,,0.06043,0.07856,REJECTED(OOS집중·재시험1순위),5fad1ccf8cf7b10faeebd1c095f04ddb7a16dcd5
2026-08-29T16:34:12+00:00,cascade_fade_short_1h,INTRADAY@1h,"{""tf"": ""1h"", ""dir"": ""short"", ""label"": ""ATR1.5x/12-16bar"", ""fee"": 0.002, ""boot_p"": 0.151, ""oos_pos"": 2, ""universe"": 67, ""runner"": ""actions#33261845718""}",62,,0.00177,0.00513,REJECTED,5fad1ccf8cf7b10faeebd1c095f04ddb7a16dcd5
2026-08-29T16:34:12+00:00,cascade_fade_long_15m,INTRADAY@15m,"{""tf"": ""15m"", ""dir"": ""long"", ""label"": ""ATR1.5x/12-16bar"", ""fee"": 0.002, ""boot_p"": 0.013, ""oos_pos"": 2, ""universe"": 67, ""runner"": ""actions#33261845718""}",96,,0.00083,-0.00014,REJECTED(수수료마진),5fad1ccf8cf7b10faeebd1c095f04ddb7a16dcd5
2026-08-29T16:34:12+00:00,cascade_fade_short_15m,INTRADAY@15m,"{""tf"": ""15m"", ""dir"": ""short"", ""label"": ""ATR1.5x/12-16bar"", ""fee"": 0.002, ""boot_p"": 0.773, ""oos_pos"": 0, ""universe"": 67, ""runner"": ""actions#33261845718""}",49,,-0.0028,-0.00026,REJECTED,5fad1ccf8cf7b10faeebd1c095f04ddb7a16dcd5
2026-08-29T16:34:12+00:00,time_of_day_best_14utc,INTRADAY@1h,"{""tf"": ""1h"", ""dir"": ""long"", ""label"": ""ATR1.5x/12-16bar"", ""fee"": 0.002, ""boot_p"": 0.471, ""oos_pos"": 0, ""universe"": 67, ""runner"": ""actions#33261845718""}",24388,,-0.00237,-0.00244,REJECTED,5fad1ccf8cf7b10faeebd1c095f04ddb7a16dcd5
2026-08-29T16:34:12+00:00,vol_shock_long_1h,INTRADAY@1h,"{""tf"": ""1h"", ""dir"": ""long"", ""label"": ""ATR1.5x/12-16bar"", ""fee"": 0.002, ""boot_p"": 0.508, ""oos_pos"": 0, ""universe"": 67, ""runner"": ""actions#33261845718""}",13275,,-0.00271,-0.00643,REJECTED,5fad1ccf8cf7b10faeebd1c095f04ddb7a16dcd5
2026-08-29T16:34:12+00:00,vol_shock_short_1h,INTRADAY@1h,"{""tf"": ""1h"", ""dir"": ""short"", ""label"": ""ATR1.5x/12-16bar"", ""fee"": 0.002, ""boot_p"": 0.532, ""oos_pos"": 0, ""universe"": 67, ""runner"": ""actions#33261845718""}",14368,,-0.00174,-0.00039,REJECTED,5fad1ccf8cf7b10faeebd1c095f04ddb7a16dcd5
2026-08-29T16:34:12+00:00,vol_shock_long_15m,INTRADAY@15m,"{""tf"": ""15m"", ""dir"": ""long"", ""label"": ""ATR1.5x/12-16bar"", ""fee"": 0.002, ""boot_p"": 0.596, ""oos_pos"": 0, ""universe"": 67, ""runner"": ""actions#33261845718""}",9407,,-0.00236,-0.00384,REJECTED,5fad1ccf8cf7b10faeebd1c095f04ddb7a16dcd5
2026-08-29T16:34:12+00:00,vol_shock_short_15m,INTRADAY@15m,"{""tf"": ""15m"", ""dir"": ""short"", ""label"": ""ATR1.5x/12-16bar"", ""fee"": 0.002, ""boot_p"": 0.646, ""oos_pos"": 0, ""universe"": 67, ""runner"": ""actions#33261845718""}",9711,,-0.00237,-0.00335,REJECTED,5fad1ccf8cf7b10faeebd1c095f04ddb7a16dcd5
2026-08-29T17:22:38+00:00,cascade_fade_long_1h#H1,INTRADAY@1h#2,"{""tf"": ""1h"", ""round"": 2, ""days"": 1100, ""params_frozen"": ""2.5ATR/3.0vol/0.40recover"", ""label"": ""1.5ATR barrier/12h"", ""boot_p"": 0.0, ""oos_pos"": 3, ""runner"": ""actions#33264175980""}",312,,0.02426,0.01166,PASSED(주검정·무조건부 3년),1ca79495a593d03ccebc50b70d0d3df6fad5014e
2026-08-29T17:22:38+00:00,cascade_fade_long_1h#H2,INTRADAY@1h#2,"{""tf"": ""1h"", ""round"": 2, ""days"": 1100, ""params_frozen"": ""2.5ATR/3.0vol/0.40recover"", ""label"": ""1.5ATR barrier/12h"", ""boot_p"": 0.0, ""oos_pos"": 3, ""runner"": ""actions#33264175980""}",245,,0.02978,0.01484,"PASSED(부검정·고변동성, 탐색적)",1ca79495a593d03ccebc50b70d0d3df6fad5014e
2026-08-29T17:22:38+00:00,cascade_fade_long_1h#H3,INTRADAY@1h#2,"{""tf"": ""1h"", ""round"": 2, ""days"": 1100, ""params_frozen"": ""2.5ATR/3.0vol/0.40recover"", ""label"": ""1.5ATR barrier/12h"", ""boot_p"": 0.976, ""oos_pos"": 0, ""runner"": ""actions#33264175980""}",9,,-0.01087,-0.0108,HOLD(저변동성 반증 표본부족 n=9),1ca79495a593d03ccebc50b70d0d3df6fad5014e
2026-09-01T01:55:13+00:00,tp_arm_T10,METHOD_T@1d/1w,"{""arm"":""T10"",""tp"":0.10,""vs"":""method_D"",""paired_t_range"":""-4.17~+0.17"",""paired_wins"":""1/7"",""cagr_wins"":""1/7"",""t_gt2"":""0/7""}",1113,,,,REJECTED,7dfe469cd8dcb195426da5b8ce2fc3a4c6be8c2d
2026-09-01T01:55:13+00:00,tp_arm_T15,METHOD_T@1d/1w,"{""arm"":""T15"",""tp"":0.15,""vs"":""method_D"",""paired_wins"":""1/7"",""cagr_wins"":""1/7"",""t_gt2"":""0/7""}",1113,,,,REJECTED,7dfe469cd8dcb195426da5b8ce2fc3a4c6be8c2d
2026-09-01T01:55:13+00:00,tp_arm_T20,METHOD_T@1d/1w,"{""arm"":""T20"",""tp"":0.20,""vs"":""method_D"",""paired_wins"":""1/7"",""cagr_wins"":""0/7"",""t_gt2"":""0/7""}",1113,,,,REJECTED,7dfe469cd8dcb195426da5b8ce2fc3a4c6be8c2d
2026-09-01T01:55:13+00:00,tp_arm_T25,METHOD_T@1d/1w,"{""arm"":""T25"",""tp"":0.25,""vs"":""method_D"",""paired_wins"":""2/7"",""cagr_wins"":""3/7"",""t_gt2"":""1/7(fvg_short)""}",1113,,,,REJECTED(최선이나 다수패턴 열세),7dfe469cd8dcb195426da5b8ce2fc3a4c6be8c2d
2026-09-01T01:55:13+00:00,tp_arm_T30,METHOD_T@1d/1w,"{""arm"":""T30"",""tp"":0.30,""vs"":""method_D"",""paired_wins"":""2/7"",""cagr_wins"":""1/7"",""t_gt2"":""1/7(fvg_short)""}",1113,,,,REJECTED,7dfe469cd8dcb195426da5b8ce2fc3a4c6be8c2d
2026-09-01T01:55:13+00:00,tp_fvg_T10,METHOD_T@1d,"{""pattern"":""fvg"",""arm"":""T10"",""paired_diff"":-0.0693,""t"":-4.17,""cagr_D"":0.270,""cagr_T"":0.100,""note"":""최대표본 강한 열세""}",446,,-0.0693,,REJECTED(t=-4.17),7dfe469cd8dcb195426da5b8ce2fc3a4c6be8c2d
2026-09-01T01:55:13+00:00,tp_fvgshort_T30,METHOD_T@1d,"{""pattern"":""fvg_short"",""arm"":""T30"",""paired_diff"":0.0071,""t"":2.79,""cagr_D"":0.100,""cagr_T"":0.092,""note"":""유일한 유의 우위, 다중검정 미보정""}",372,,0.0071,,HOLD(단일셀 우위),7dfe469cd8dcb195426da5b8ce2fc3a4c6be8c2d
2026-09-01T02:45:32+00:00,cascade_delay_d0,DELAY@1h,"{""delay_bars"":0,""note"":""1차 검증 재현(정합성)"",""boot_p"":0.0,""oos_pos"":3}",312,,0.02426,0.01166,PASSED,6d495bad5a7c4e87976c0b82fa84a799e4953295
2026-09-01T02:45:32+00:00,cascade_delay_d1,DELAY@1h,"{""delay_bars"":1,""keep_pct"":77,""boot_p"":0.0}",312,,0.01881,,PASSED,6d495bad5a7c4e87976c0b82fa84a799e4953295
2026-09-01T02:45:32+00:00,cascade_delay_d2,DELAY@1h,"{""delay_bars"":2,""keep_pct"":45,""boot_p"":0.0}",312,,0.0109,,REJECTED,6d495bad5a7c4e87976c0b82fa84a799e4953295
2026-09-01T02:45:32+00:00,cascade_delay_d4,DELAY@1h,"{""delay_bars"":4,""keep_pct"":24,""boot_p"":0.008,""oos_pos"":2}",312,,0.00574,-0.0055,REJECTED,6d495bad5a7c4e87976c0b82fa84a799e4953295
2026-09-01T02:45:32+00:00,cascade_delay_d12,DELAY@1h,"{""delay_bars"":12,""keep_pct"":-63,""boot_p"":1.0,""oos_pos"":0,""note"":""부호 역전""}",312,,-0.01526,-0.014,REJECTED,6d495bad5a7c4e87976c0b82fa84a799e4953295
2026-09-01T02:45:32+00:00,cascade_sched_real,DELAY@1h,"{""env"":""actions 4h cron + jitter"",""avg_delay_h"":""2.6~3.6"",""boot_p"":""0.001~0.007"",""note"":""중앙값 음수로 게이트 미달""}",312,,0.00589,-0.0024,REJECTED(실배포환경),6d495bad5a7c4e87976c0b82fa84a799e4953295
2026-09-01T02:45:32+00:00,ih_exit_T10,IHEXIT@1d,"{""arm"":""T10"",""paired_diff"":0.002,""t"":0.17,""split"":""전반-0.33%/후반+0.72%"",""boot_ci"":""[-2.19%,+2.34%]"",""placebo_rank"":""1/7""}",125,,0.002,,NOISE(1/3),6d495bad5a7c4e87976c0b82fa84a799e4953295
2026-09-01T02:45:32+00:00,ih_exit_G,IHEXIT@1d,"{""arm"":""G"",""paired_diff"":0.0068,""t"":0.44,""split"":""전반+2.39%/후반-1.00%"",""boot_ci"":""[-1.99%,+4.03%]"",""placebo_rank"":""2/7""}",125,,0.0068,,NOISE(0/3),6d495bad5a7c4e87976c0b82fa84a799e4953295
2026-09-01T08:26:14+00:00,cascade_cron_4h,CRONREAL@1h,"{""grid"": ""4h(현행)"", ""delay"": ""실측100건 부트스트랩"", ""avg_delay_bars"": 2.91, ""d<=1"": ""12%"", ""boot_p"": 0.005, ""oos"": ""3/4"", ""note"": ""중앙값 음수로 기각""}",312,,0.00576,-0.00366,REJECTED,1c276083f00a37850e43e76e122727a2539cd98e
2026-09-01T08:26:14+00:00,cascade_cron_1h,CRONREAL@1h,"{""grid"": ""1h(제안)"", ""delay"": ""실측100건 부트스트랩"", ""avg_delay_bars"": 1.34, ""d<=1"": ""81%"", ""boot_p"": 0.0, ""oos"": ""2/4"", ""note"": ""서버 불필요 — 크론만으로 게이트 통과""}",312,,0.01536,0.00307,PASSED,1c276083f00a37850e43e76e122727a2539cd98e
2026-09-01T08:26:14+00:00,cascade_cron_server,CRONREAL@1h,"{""grid"": ""1h+서버(1분)"", ""avg_delay_bars"": 1.0, ""boot_p"": 0.0, ""oos"": ""2/4"", ""note"": ""ideal_d1 과 수치 동일 — 프레임이 1h 미만 분해 불가. 측정가능한 서버 기여분은 꼬리제거 +0.34%p""}",312,,0.01881,0.00458,PASSED,1c276083f00a37850e43e76e122727a2539cd98e
2026-09-01T08:26:14+00:00,cascade_fee_0.4pct,FEEREAL@1h,"{""fee"": 0.004, ""arm"": ""1h크론+실측지연"", ""note"": ""마찰 내성 한계 — 0.6%부터 중앙값 음수""}",312,,0.0134,0.0011,PASSED,1c276083f00a37850e43e76e122727a2539cd98e
2026-09-01T08:26:14+00:00,cascade_fee_0.6pct,FEEREAL@1h,"{""fee"": 0.006, ""arm"": ""1h크론+실측지연"", ""note"": ""중앙값 -0.09% — 평균은 +1.14% 양수지만 소수 대박 의존형""}",312,,0.0114,-0.0009,REJECTED,1c276083f00a37850e43e76e122727a2539cd98e
2026-09-01T09:20:00+00:00,cascade_fade_long_1h,DEPLOY@1h,"{""action"": ""실거래 배포"", ""cron"": ""0 * * * *"", ""basis"": ""cascade_realistic_2026_09"", ""preconditions"": ""매시크론 + SLOW_TICK 게이팅 + 닫힌봉 탐지 + 체결가 기준 배리어 재정렬"", ""note"": ""사용자 승인. registry status deployed""}",312,,0.01536,0.00307,DEPLOYED,aaa391221ef2ea39de01a5b1ebd932841c5e6c57
2026-09-02T05:55:00+00:00,external_trigger,SCHED@all,"{""action"": ""외부 트리거 전환"", ""from"": ""GitHub schedule (fast :07 0/4, daily 04:00 미발화)"", ""to"": ""Supabase pg_cron → workflow_dispatch (fast :03 / daily 00·04·08·12·16·20)"", ""note"": ""사용자 결정 ①. 발화 시각 집합 불변, GitHub schedule 폴백 유지""}",,,,,SWITCHED,ebdcc30
2026-09-02T08:40:00+00:00,sizing_rule,LIVE@all,"{""action"": ""risk 1%/2x 채택"", ""from"": ""legacy free x20%/2x"", ""to"": ""SIZING_MODE=risk, RISK_FRAC=0.01, LEV_CAP=2"", ""cagr"": ""39.3%→38.8%"", ""boot_mdd_med"": ""-59.9%→-43.1%"", ""note"": ""사용자 결정 ③. 권고 0.5%는 문턱 $320 로 현 계좌 사용 불가. 사전기준 MDD>=-35% 는 미충족""}",1093,,,,ADOPTED,00c2f07
2026-09-02T12:45:00+00:00,external_trigger,SCHED@all,"{""action"": ""fast GitHub schedule 폴백 제거"", ""reason"": ""같은 concurrency 그룹에서 pending 실행이 취소됨 — 12:03 dispatch 가 12:04:30 폴백 때문에 cancelled. 거울상으로 daily 취소 시 느린TF 4h 손실"", ""verified"": ""외부 트리거 fast 4틱 정시 발화, daily 12:00 oncequick --slow 확인""}",,,,,APPLIED,a734880
2026-09-03T06:40:00+00:00,regime_exit_R,ALL7@1d,"{""arm"": ""R1/R2 불리국면 진입시 청산"", ""pooled_diff"": ""+0.597%p"", ""t"": 1.58, ""boot_p_pattern"": 0.006, ""divergence"": ""285건 R 125승/157패 44%"", ""cagr_wins"": ""4/7"", ""note"": ""사전기준 ④ 탈락. 롱(bear진입 fvg +2.9%p bp.006)은 맞고 숏(bull진입 fvg_short -0.53%p)은 손해. fvg CAGR 22.9→12.3 회전율+고정손절""}",1091,,0.00597,,REJECTED,8ca9142
2026-09-03T06:45:00+00:00,regime_exit_R_round2,ALL7@1d,"{""arms"": ""RL/RB/RLB"", ""pooled"": ""RL +0.548 RB +0.536 RLB +0.490 %p"", ""divergence_winrate"": ""46/43/44%"", ""cagr_wins"": ""3/4/3 of 7"", ""stop_be_fired"": ""12/1091"", ""note"": ""전부 REJECT. 본전이동은 bull진입 거래에 무효. D 의 bull_btc↔bull_altseason 라벨전환 청산이 bull 진입 알트롱의 조기출구였음. 확실한 것: bear진입 롱 bull전환 유지(+2.9%p bp.006)""}",1091,,0.00548,,REJECTED,50d4dae
2026-09-03T07:00:00+00:00,regime_exit_R_round3,ALL7@1d,"{""arms"": ""RL/RA"", ""holdout"": ""last 365d n=233"", ""train"": ""RL +0.744%p 분기47% CAGR3/7 | RA +0.387%p 분기40% CAGR2/7"", ""holdout_result"": ""RL 0승7패 -0.176%p | RA 분기0(발동없음)"", ""note"": ""둘 다 REJECT. altseason→btc 불리는 triple_bottom/IH 출구 차단. 3라운드 종료, 4번째 변형은 과적합. 남은 경로 실거래 병행기록""}",858,,0.00387,,REJECTED,c8c360e
2026-09-03T09:30:00+00:00,regime_exit_R_shadow_ledger,ALL_LONG@live,"{""action"": ""deploy record-only"", ""rule"": ""RL (long-only R1)"", ""since"": ""2026-09-03"", ""orders"": ""unchanged (D)"", ""decision_point"": ""divergence n>=50"", ""tests"": ""test_shadow_r 26 (eval_R == method_r RL, 400 scenarios)""}",,,,,DEPLOYED_SHADOW,b9105ca
2026-09-03T10:30:00+00:00,audit_full_logic,ALL@live,"{""finding"": ""harmonic 5 never fire live + lookahead; triple_bottom lookahead; risk 1% was 0.5-0.7% via grade; regime label intraday flip; SHIB/BONK price->0; triple_bottom restored as 1d; reconcile overwrote D; realignment no-op"", ""action"": ""harmonic suspended_lookahead + causal detectors + revalidation; executor/sizing/regime fixes; schema patch SQL"", ""tests"": ""confirm_bar 14 / executor_safety 20 / regime_determinism 20""}",,,,,FIXED,e6cae94
2026-09-03T09:00:00+00:00,confirm_bar_revalidation,harmonic+triple@4h/1h/1w,"{""cells"": 7, ""new_causal"": ""all REJECTED"", ""old_lookahead"": ""reproduced registry"", ""inflation_pp"": ""0.9-4.65"", ""action"": ""triple_bottom_1w suspended too""}",104,,0.0307,-0.1136,REJECTED,bfa2133
2026-09-03T09:05:00+00:00,regime_scale_M,ALL7@1d,"{""arms"": ""D_slow/D_fast/RL/RL_slow/RL_fast/F_slow/F_fast"", ""windows"": ""5y n=470 / max n=570"", ""result"": ""all REJECT both windows; slow/fast worse than daily; RL(daily) best, train pass holdout fail"", ""answer"": ""regime scale is not the cause""}",570,,0.0095,,REJECTED,c8f02ae
2026-09-04T00:00:00+00:00,universe_okx_scan,OKX_perp@1d,"{""active"": 452, ""ok500"": 101, ""candidates"": 34, ""engulfing_top20"": ""PASS both bases"", ""fvg"": ""all cohorts REJECT (900d)"", ""proposal"": ""perp turnover top80, no full expansion""}",101,,,,PROPOSED,6ed3233
2026-09-04T00:35:00+00:00,regime_split_gate,ALL6@1d,"{""cells"": 72, ""passed"": 2, ""passed_cells"": ""engulfing_long/top20/bull_btc; engulfing_short/top30/bull_altseason"", ""regime_spread_pp"": 13, ""routing_mismatch"": ""fvg altseason long, fvg bear short (sign flipped)"", ""fvg"": ""alive in bull_btc (n=1837 +2.23% med+9.89%), fails boot_p only""}",72,,,,MIXED,30f0a16
2026-09-04T00:50:00+00:00,regime_split_baseline,ALL6@1d,"{""added"": ""regime baseline mean + edge + by-year"", ""altseason_random_long_20bar"": -0.0304, ""correction"": ""first report sign-flip claim for altseason fvg long RETRACTED — edge is +0.92~+1.95pp"", ""fvg_long_edge"": ""positive in all 3 regimes"", ""fvg_short_edge"": ""negative in all 3 regimes"", ""routing"": ""5 of 6 cells correct; only bear fvg short mismatched""}",72,,,,CORRECTED,846aaba
2026-09-05T06:30:00+00:00,regime_split_baseline_fix,ALL6@1d,"{""bug"": ""gate_cell boot_p baseline k capped at 30 (k=min(max(10,min(30,n)),len(pool)))"", ""effect"": ""baseline mean SE pinned to sqrt(30) -> distribution too wide -> boot_p inflated (conservative)"", ""symptom"": ""engulfing_short/top30/bull_altseason oscillated .045 <-> .055"", ""fix"": ""k=n; gate thresholds unchanged; not a one-sided loosening"", ""passed_cells"": ""2 -> 18"", ""engulfing_short_altseason"": ""PASSED in all 3 cohorts"", ""note"": ""prior report_regime_split(_all).md boot_p all conservative-biased; _all 440-cell PASSED 0 needs rerun""}",72,,,,CORRECTED,d778685
2026-09-05T06:31:00+00:00,routing_arms,engulfing+fvg@1d,"{""arms"": ""route(live) / uncond(gate-validated direction, both long) / gated(regime-split PASSED cells only)"", ""design"": ""exit identical (method D) across arms; only entry direction differs"", ""train"": {""route"": ""n=996 CAGR+103.2% Calmar2.29"", ""uncond"": ""n=1219 CAGR+82.3% Calmar1.63"", ""gated"": ""n=849 CAGR+71.0% Calmar1.65""}, ""boot_calmar_win"": {""uncond"": 0.31, ""gated"": 0.07}, ""key_cell_altseason_engulfing"": ""route short n=53 +0.32% vs uncond long n=11 -2.77%"", ""bear_fvg"": ""route FLAT vs uncond long n=538 +1.63% (follow-up single-cell test)"", ""stage3"": ""applying frozen gate to routing (gated arm) REJECTED — turns off bear engulfing long n=47 +2.41%"", ""method_fix"": ""equity_curve annualized per-arm trade span; gated holdout showed MDD -36.6% but CAGR -92.2%. span_days added, split-common window"", ""design_limit"": ""criterion 3 passed for wrong reason — divergence pooled across cells; bear fvg dominated""}",996,,,,REJECTED,a262f69
2026-09-05T07:06:00+00:00,routing_arm_route_bfl,fvg@1d,"{""arm"": ""route + bear fvg long only"", ""cell"": ""n=538 +1.63%"", ""train"": ""CAGR +89.5% vs route +103.2%, Calmar 1.77 vs 2.29"", ""holdout"": ""-65.5% vs -43.2%"", ""boot_win"": 0.31, ""criteria"": ""1/7""}",538,,0.0163,,REJECTED,60a331b
2026-09-05T07:27:00+00:00,revival_confirm_live_frame,STRICT8+3s@1d/4h/1h,"{""confirmed"": [""vwap_rev_short_4h|bear (boundary, not deployed: Calmar 0.06, 92% sample in holdout)""], ""rejected"": 7, ""key"": ""1d candidates median -8.20% = D stop; lottery distribution"", ""closest"": ""triple_bottom_4h|ALL holdout +1.62% Calmar 4.83 but median -0.52%""}",9,,,,MIXED,60a331b
2026-09-05T07:27:00+00:00,new_patterns_ibs_rsi2_streak_donchian,4@1d,"{""cells"": 40, ""confirmed"": 0, ""all_median"": ""-8.20% or negative"", ""ibs_low_bull_btc_edge_pp"": -1.58, ""donchian20_bull_btc"": ""mean +5.85% median -8.20% holdout -7.84%"", ""mdd_range"": ""-85..-92%""}",40,,,,REJECTED,60a331b
2026-09-05T07:27:00+00:00,beta_slope_vs_avg_cap_corr,market@1d,"{""pearson"": 0.139, ""spearman"": 0.089, ""within_cap_low_pp"": 5.89, ""within_cap_mid_pp"": 8.43, ""within_cap_high_pp"": -1.35, ""rule"": ""|corr|<0.5 and >=2/3 same-sign significant"", ""verdict"": ""independent axis -> stage2 method_b""}",10081,,,,PROPOSED,60a331b
2026-09-05T07:47:00+00:00,beta_overlay_method_b,7PATS@1d,"{""arms"": ""D / B_skip / B_size"", ""c1_filtered"": ""n=991 mean+2.15% vs rest+4.43% p.020 (positive → fail)"", ""B_skip"": ""6/7 (c1 X)"", ""B_size"": ""5/7 (c1,c3 X)"", ""baseline_D"": ""CAGR-47% MDD-92% skipped 7141 (slot flood frame)"", ""lesson"": ""overlay tests must use routing-replica frame; beta_slope is priority info not filter""}",991,,,,REJECTED,e7ad7d1
2026-09-05T09:10:00+00:00,gate_v2_revival_rerun,STRICT9@1d/4h/1h,"{""gate"": ""v2 win_rate>=0.35"", ""confirmed"": [""triple_bottom_4h|ALL"", ""equal_lows_4h|bear"", ""vwap_rev_short_4h|bear(boundary)""], ""deployed"": [""triple_bottom_4h|ALL"", ""equal_lows_4h|bear""], ""run"": 33955072498}",9,,,,CONFIRMED 3 / DEPLOYED 2,
2026-09-05T09:10:00+00:00,gate_v2_regime_split_all_rerun,55PATS@1d/1w/4h/1h,"{""cells"": 440, ""passed"": 39, ""strict"": 10, ""new_strict"": [""breakout_retest_4h|ALL"", ""vol_awakening_4h|ALL"", ""triple_bottom_4h|bull_btc""], ""run"": 33955072518}",440,,,,STRICT 10,
2026-09-05T09:10:00+00:00,triple_bottom_4h,top30@4h,"{""cell"": ""ALL long"", ""win_rate"": 0.48, ""boot_p"": 0.0, ""oos"": ""3/4"", ""holdout_n"": 212, ""holdout_mean"": 0.0162, ""calmar"": 4.83, ""frame"": ""\ubc29\uc2ddD top30 closed-bar""}",646,,0.0179,-0.0052,DEPLOYED (gate v2),
2026-09-05T09:10:00+00:00,equal_lows_4h,top30@4h,"{""cell"": ""bear long"", ""win_rate"": 0.5, ""boot_p"": 0.001, ""oos"": ""3/4"", ""holdout_n"": 406, ""holdout_mean"": 0.0117, ""calmar"": 0.48, ""frame"": ""\ubc29\uc2ddD top30 closed-bar""}",469,,0.0097,-0.0001,DEPLOYED (gate v2),
2026-09-05T09:50:00+00:00,gate_v2_revival_followup,"breakout_retest_4h|ALL,vol_awakening_4h|ALL@4h","{""breakout_retest_4h|ALL"": ""top30 n=4922 +0.73% win44% holdout -0.41% (C2 X) Calmar 0.07"", ""vol_awakening_4h|ALL"": ""top30 n=4992 +1.21% win44% holdout +0.12% CAGR -6.32% (C3 X)"", ""run"": 33957277149}",2,,,,REJECTED 2/2,
2026-09-05T10:45:00+00:00,gate_v2_revival_screen_relaxed,14cells@1d/4h,"{""confirmed_new"": 0, ""closest"": {""inverse_hs_1d|bull_btc"": ""C1 pass Calmar 2.89, holdout n=12 -8.20%"", ""equal_lows_4h|ALL"": ""C1 C2 pass, C3 CAGR -24.9%""}, ""run"": 33960053517}",14,,,,REJECTED 14/14,
2026-09-05T11:10:00+00:00,frame_fix_4h_equity_curve,4h@C3,"{""bug"": ""same-day entry/exit dropped (date ordinal sort)"", ""fix"": ""bar ts fractional days"", ""triple_bottom_4h_calmar"": ""4.83->2.79"", ""vol_awakening_4h_ALL"": ""-0.24->1.38 CONFIRMED"", ""equal_lows_4h_ALL"": ""-0.47->0.45 CONFIRMED"", ""run"": 33961032437}",,,,,CORRECTED,
2026-09-05T11:10:00+00:00,vol_awakening_4h,top30@4h,"{""cell"": ""ALL long"", ""win_rate"": 0.44, ""boot_p"": 0.0, ""oos"": ""3/4"", ""holdout_n"": 1477, ""holdout_mean"": 0.0012, ""calmar"": 1.38, ""mdd"": -0.7243}",4992,,0.0121,-0.0126,DEPLOYED (gate v2),
2026-09-05T11:10:00+00:00,equal_lows_4h,top30@4h,"{""cell"": ""ALL long (bear->all)"", ""win_rate"": 0.5, ""boot_p"": 0.004, ""oos"": ""3/4"", ""holdout_n"": 497, ""holdout_mean"": 0.007, ""calmar"": 0.45}",1086,,0.0067,0.0002,DEPLOYED (gate v2),
2026-09-05T11:10:00+00:00,revival_1h_frame,8cells@1h,"{""confirmed"": 0, ""c1_pass"": 5, ""holdout_n0_bull_btc"": 3, ""note"": ""holdout 90d = 2026 bear; bull_btc cells have no holdout trades""}",8,,,,0 CONFIRMED,
2026-09-05T11:10:00+00:00,universe_okx_scan_v2,cohorts@1d,"{""engulfing_rank1_20"": ""PASSED +4.15% bp.039"", ""engulfing_rank21_30"": ""REJECTED bp.132"", ""fvg"": ""all cohorts REJECTED boot_p"", ""conclusion"": ""unchanged""}",,,,,UNCHANGED,
2026-09-05T11:20:00+00:00,harmonic_causal_v2,7cells@4h/1h/1w,"{""rejected"": 7, ""reasons"": ""boot_p or mean<=0 (not win_rate)"", ""gartley_4h"": ""+0.66% bp.237"", ""triple_bottom_1w"": ""+3.65% bp.133"", ""run"": 33961480261}",7,,,,REJECTED 7/7 (unchanged),
2026-09-05T11:25:00+00:00,method_r_rejudge_win35,7PATS@1d,"{""div_win_min"": 0.35, ""RL"": ""c2 3/7 X, c4 45% O, holdout -0.18pp t-2.19 X, div 1/11 X"", ""RA"": ""c2 3/7 X, c4 42% O, holdout X"", ""run"": 33962938139}",837,,,,REJECT (both arms),
2026-09-05T12:40:00+00:00,triple_bottom_late_entry_prereg,80@1w,"{""arm"": ""late (L3+3, close>neck)"", ""stage1"": ""gate v2 frozen label"", ""stage2"": ""D exit, holdout 365d n>=10, equity Calmar>0"", ""status"": ""registered""}",,,,,PREREGISTERED,
2026-09-05T12:47:00+00:00,triple_bottom_late_entry,80@1w,"{""stage1_late"": ""PASSED n=30 +12.42% bp.004"", ""stage2_D"": ""REJECTED win 20% med -8.20% bp.298"", ""holdout_n"": 1, ""run"": 33966797748}",30,0.67,0.1242,0.1374,INCONCLUSIVE (D exit kills it),
2026-09-05T13:28:00+00:00,harmonic_causal_k_eq_n,7cells@4h/1h/1w,"{""baseline"": ""k=n"", ""harmonic_6"": ""all REJECTED bp .20-.71"", ""triple_bottom_1w"": ""stage1 PASSED bp.038 but D-frame win 13% REJECTED"", ""run"": 33967559035}",7,,,,REJECTED 6/7 (no revival),
2026-09-06T00:20:00+00:00,triple_bottom_exit_1w_prereg,80@1w,"{""primary"": ""(late, A_label)"", ""A_label"": ""close +-10%/20w + cat -20%"", ""holdout_days"": 730, ""status"": ""registered""}",,,,,PREREGISTERED,
2026-09-06T00:40:00+00:00,exit_consistency_prereg,ih/marubozu/three_soldiers_4h,"{""arms"": ""D vs A_label vs A_nocat"", ""judge"": ""KEEP_D / SWITCH_CANDIDATE / OBSERVE / REJUDGE"", ""status"": ""registered""}",,,,,PREREGISTERED,
